method,train_mse,train_mae,val_mse,val_mae,test_mse,test_mae
Local only (alpha=0),1.7227558781891603,0.9725694100581341,1.572486908050315,0.932605293912256,1.5154484217875672,0.8971246705389836
"System A Geographic (alpha=0.001, k=2)",1.7350364319691156,0.9759533418592578,1.5714019349279529,0.9335714728763378,1.5183429271428126,0.9000849975071632
"System B Correlation (alpha=0.1, rho=0.9)",1.735040026660117,0.9759552907365985,1.5713609974841158,0.933567523870886,1.5182512513228754,0.9000618283250348
