method,train_mse,train_mae,val_mse,val_mae,test_mse,test_mae
Local only (alpha=0),1.654671551893932,0.9641590908730304,1.5114930852598365,0.9193870385434919,1.4088421272418403,0.8729892057254646
"System A Geographic (alpha=0.001, k=2)",1.6690108264111174,0.96850708978442,1.5087129718208885,0.9205903091087114,1.411199150623819,0.8764372778250519
"System B Correlation (alpha=0.1, rho=0.7)",1.6692181149896295,0.968547722371957,1.5084852903273476,0.9205411726507053,1.411059280351065,0.876373741324497
