method,train_mse,train_mae,val_mse,val_mae,test_mse,test_mae
Local only (alpha=0),1.747917382500033,0.988887517415222,1.5935929298607125,0.940622655288022,1.4859054970836743,0.8998889467996819
"System A Geographic (alpha=0.001, k=2)",1.762120074999086,0.9930845192482453,1.5908337022627543,0.9414645523189268,1.4883891236888513,0.9031486807300074
"System B Correlation (alpha=0.1, rho=0.9)",1.7621262136592821,0.9930860179175981,1.5907861862065844,0.9414586866883485,1.4883143053446493,0.9031322180589969
